ConstructionType,ConstructionName,CementQuality,CementPrice,BrickQuality,BrickPrice,SandQuality,SandPrice,IronQuality,IronPrice,EnvironmentalCondition,Seller,Price
Roads,MarineDrive,High,280,High,20,High,440,Medium,46000,tightsoil,BirlaCement,3500000
Roads,Rajpath,Low,320,Low,50,Low,240,Low,40000,loosesoil,UltraTechCementLtd,2930000
Roads,AnnaSalai,Low,490,Low,50,High,470,High,36000,tightsoil,JSWCementLtd,4560000
Roads,ParkStreet,Medium,230,Medium,50,Medium,350,Medium,20000,humidity,AsianPaints(forpaints&coatings),3410000
Roads,M.G.Road,Low,200,Low,30,Medium,360,Medium,48000,loosesoil,LafargeHolcimIndia,2330000
Roads,BrigadeRoad,Low,390,Low,40,High,460,Low,20000,tightsoil,UltraTechCementLtd,4030000
Roads,CarterRoad,High,280,Low,50,Low,460,High,48000,heavyrain,NerolacPaints,2180000
Roads,JawaharlalNehruRoad,Medium,210,Medium,50,High,310,Medium,24000,humidity,RamcoCementsLtd,4920000
Roads,C.G.Road,Low,220,Low,20,Medium,410,Medium,34000,windy,BergerPaintsIndiaLtd,2650000
Roads,OuterRingRoad,Low,490,High,50,Low,330,Low,42000,loosesoil,SupremeIndustries(forpipes&fittings),3910000
Roads,SarjapurRoad,Medium,380,Medium,30,High,480,Medium,43000,loosesoil,ShreeCementLtd,3250000
Roads,CamacStreet,Low,330,High,20,High,250,High,24000,loosesoil,JindalSteel&PowerLtd,2700000
Roads,BanjaraHillsRoadNo.1,Medium,440,Low,40,Medium,500,Medium,43000,Hightemp,UltraTechCementLtd,4330000
Roads,JuhuTaraRoad,High,200,High,50,High,470,High,25000,Hightemp,DalmiaCement(Bharat)Ltd,2560000
Roads,NewMarketRoad,Medium,440,Medium,20,Medium,500,Low,20000,loosesoil,BergerPaintsIndiaLtd,2970000
Roads,ConnaughtPlaceInnerCircle,Medium,250,Low,20,Medium,270,Low,48000,windy,ACCLimited,2330000
Roads,F.C.Road,Low,300,Medium,50,High,480,Medium,42000,tightsoil,SupremeIndustries(forpipes&fittings),3710000
Roads,KasturbaRoad,Low,500,Low,50,Medium,430,Medium,44000,humidity,ACCLimited,2860000
Roads,AshramRoad,High,430,Low,40,Medium,420,Medium,48000,tightsoil,AsianPaints(forpaints&coatings),4770000
Roads,GariahatRoad,High,500,Low,50,High,380,Medium,46000,heavyrain,AmbujaCementsLtd,3820000
Roads,LinkingRoad,High,210,Medium,20,Low,360,High,50000,humidity,JSWCementLtd,4880000
Roads,PaliHillRoad,Low,340,Low,40,High,500,Low,47000,humidity,DalmiaCement(Bharat)Ltd,2320000
Roads,VittalMallyaRoad,High,220,Medium,50,High,350,Medium,46000,humidity,ShreeCementLtd,2350000
Roads,VIPRoad,Medium,340,Low,30,Low,500,Low,26000,tightsoil,TataSteelLimited,2940000
Roads,BreachCandyRoad,High,260,Low,30,High,490,Low,31000,tightsoil,NerolacPaints,3910000
Roads,CommercialStreet,High,420,Low,50,High,490,Low,40000,loosesoil,AmbujaCementsLtd,2840000
Roads,InfantryRoad,Low,230,High,20,High,420,Low,47000,windy,LafargeHolcimIndia,2540000
Roads,TolstoyRoad,Medium,410,High,40,High,400,Low,46000,tightsoil,SupremeIndustries(forpipes&fittings),4950000
Roads,BurdwanRoad,Medium,250,Medium,20,Medium,280,Low,21000,windy,RamcoCementsLtd,4840000
Roads,Elliot?sBeachRoad,Low,410,Low,40,Medium,370,Low,29000,Hightemp,ACCLimited,2370000
Highways,NationalHighway44(NH44),Medium,270,High,20,Low,220,High,45000,Hightemp,ACCLimited,2600000
Highways,NationalHighway48(NH48),High,300,Medium,50,Medium,360,Medium,40000,humidity,BirlaCement,4620000
Highways,NationalHighway16(NH16),Medium,370,High,30,High,220,High,31000,heavyrain,ShreeCementLtd,4430000
Highways,NationalHighway19(NH19),Medium,330,Low,30,High,320,High,22000,windy,Hindware(HSILLimited),3240000
Highways,Mumbai-PuneExpressway,Medium,460,Low,30,Medium,320,Low,22000,humidity,BergerPaintsIndiaLtd,3330000
Highways,YamunaExpressway,Medium,280,Medium,20,Low,470,Low,50000,heavyrain,TataSteelLimited,4290000
Highways,Delhi?MumbaiExpressway,High,230,Medium,30,Medium,380,High,28000,heavyrain,LafargeHolcimIndia,3120000
Highways,EasternPeripheralExpressway,High,350,Medium,20,Medium,410,Medium,24000,tightsoil,AmbujaCementsLtd,4540000
Highways,WesternPeripheralExpressway,Low,340,Medium,20,Low,490,High,32000,windy,ShreeCementLtd,4320000
Highways,GoldenQuadrilateralHighway,Medium,230,Low,30,Low,260,High,50000,Hightemp,ACCLimited,3850000
Highways,Bengaluru-ChennaiExpressway,Medium,310,Low,40,High,200,Low,29000,heavyrain,Hindware(HSILLimited),4770000
Highways,Hyderabad-BangaloreExpressway,High,480,High,20,Medium,310,Medium,39000,tightsoil,RamcoCementsLtd,3840000
Highways,Ahmedabad-VadodaraExpressway,Low,410,High,40,Medium,480,Medium,23000,loosesoil,BergerPaintsIndiaLtd,4300000
Highways,Chennai-KolkataHighway,Low,310,Medium,20,Low,330,Low,37000,windy,SupremeIndustries(forpipes&fittings),3610000
Highways,North-SouthCorridorHighway,Low,230,Low,30,Medium,500,Low,39000,heavyrain,NerolacPaints,3850000
Highways,East-WestCorridorHighway,Low,350,Medium,30,Medium,440,Low,29000,heavyrain,RamcoCementsLtd,3930000
Highways,Lucknow-AgraExpressway,High,200,High,20,Low,330,Low,35000,windy,ShreeCementLtd,2140000
Highways,Hyderabad-VijayawadaExpressway,Low,290,Medium,20,Low,250,Low,36000,Hightemp,JSWCementLtd,2560000
Highways,Mumbai-GoaHighway,High,340,High,30,Medium,430,High,30000,windy,LafargeHolcimIndia,4150000
Highways,Delhi-MeerutExpressway,Medium,420,High,40,Medium,420,Medium,21000,heavyrain,JSWCementLtd,2000000
Highways,Kanyakumari-BangaloreHighway,Medium,270,High,30,Medium,390,Low,40000,Hightemp,VizagSteel(RINL-RashtriyaIspatNigamLtd),4670000
Highways,GangaExpressway,High,350,Low,20,Low,320,High,36000,humidity,ACCLimited,4780000
Highways,Mumbai-NashikExpressway,Low,430,High,50,High,340,Medium,40000,humidity,UltraTechCementLtd,2450000
Highways,Chennai-SalemExpressway,Low,340,Medium,40,Low,310,Low,31000,tightsoil,ACCLimited,3450000
Highways,Ahmedabad-DholeraExpressway,Medium,400,High,40,Medium,210,Low,48000,Hightemp,JSWCementLtd,4010000
Highways,Nagpur-HyderabadHighway,Low,330,High,40,Low,390,Low,45000,tightsoil,RamcoCementsLtd,4170000
Highways,Pune-BengaluruHighway,Low,240,High,20,Low,270,Low,31000,windy,AsianPaints(forpaints&coatings),2390000
Highways,Jaipur-KishangarhExpressway,Medium,400,High,20,High,430,Low,42000,Hightemp,AmbujaCementsLtd,3690000
Highways,Kolkata-DurgapurExpressway,Medium,240,Medium,20,High,480,High,44000,heavyrain,SupremeIndustries(forpipes&fittings),3840000
Highways,Delhi-JaipurExpressway,High,240,Low,50,High,250,High,43000,tightsoil,UltraTechCementLtd,3890000
Bridges,HowrahBridge,Medium,480,Medium,40,Medium,200,High,25000,Hightemp,RamcoCementsLtd,4540000
Bridges,Bandra-WorliSeaLink,Medium,290,High,20,Medium,360,Low,34000,Hightemp,RamcoCementsLtd,4210000
Bridges,MahatmaGandhiSetu,Medium,220,Medium,30,High,500,Low,24000,Hightemp,ACCLimited,4220000
Bridges,VidyasagarSetu,Low,360,High,20,Low,460,High,27000,tightsoil,Hindware(HSILLimited),3130000
Bridges,GodavariBridge,High,240,Medium,20,Medium,290,High,36000,tightsoil,UltraTechCementLtd,4080000
Bridges,PambanBridge,High,490,Low,50,High,280,High,37000,loosesoil,CeraSanitarywareLtd,2480000
Bridges,KrishnaRajaSagarBridge,Medium,480,High,30,Medium,360,Low,27000,humidity,LafargeHolcimIndia,4220000
Bridges,CoronationBridge,Low,330,Low,30,High,490,Medium,46000,heavyrain,SAIL(SteelAuthorityofIndiaLtd),3670000
Bridges,Dhola-SadiyaBridge,High,320,High,20,Medium,270,High,42000,loosesoil,JindalSteel&PowerLtd,4290000
Bridges,BogibeelBridge,Medium,460,High,30,High,360,Low,42000,loosesoil,BergerPaintsIndiaLtd,3390000
Bridges,FarakkaBarrage,Low,420,Medium,40,High,350,Low,28000,loosesoil,RamcoCementsLtd,3950000
Bridges,VashiBridge,Low,240,Low,50,Low,230,High,43000,heavyrain,UltraTechCementLtd,2150000
Bridges,VikramshilaSetu,High,370,High,40,High,470,Medium,41000,heavyrain,OrientCementLtd,2900000
Bridges,NiveditaBridge,Low,430,Low,20,Low,330,High,48000,humidity,ShreeCementLtd,2440000
Bridges,KoilwarBridge,High,330,Low,40,Low,390,Medium,24000,tightsoil,RamcoCementsLtd,3800000
Bridges,MahanadiBridge,Low,490,High,40,High,200,High,46000,tightsoil,ACCLimited,2940000
Bridges,Korthi-KolharBridge,Medium,370,High,20,High,410,Low,38000,loosesoil,JSWCementLtd,3890000
Bridges,ZuariBridge,Low,370,Low,30,Low,270,Low,37000,Hightemp,DalmiaCement(Bharat)Ltd,2810000
Bridges,NarmadaBridge,Low,340,Medium,40,Low,490,Medium,45000,heavyrain,ACCLimited,4550000
Bridges,SignatureBridge,Medium,290,Medium,40,High,330,High,45000,loosesoil,ShreeCementLtd,2460000
Bridges,MungerGangaBridge,Low,470,Medium,50,Low,410,Low,41000,heavyrain,AmbujaCementsLtd,4430000
Bridges,KanakaDurgaVaradhi,Medium,260,Medium,50,Low,330,Medium,29000,heavyrain,SupremeIndustries(forpipes&fittings),3290000
Bridges,YamunaBridge,Medium,430,Medium,40,Low,250,Low,36000,loosesoil,RamcoCementsLtd,2470000
Bridges,GodavariFourthBridge,Low,450,Low,30,Low,240,Medium,29000,humidity,CeraSanitarywareLtd,2360000
Bridges,BhupenHazarikaSetu,Low,420,High,20,Low,440,High,36000,tightsoil,OrientCementLtd,3680000
Bridges,ChenabRailBridge,Low,390,Medium,50,Low,480,High,28000,heavyrain,JindalSteel&PowerLtd,4110000
Bridges,KachchiDargah-BidupurBridge,Medium,400,Low,20,High,490,Medium,43000,tightsoil,BergerPaintsIndiaLtd,3310000
Bridges,AthirappillyBridge,Medium,200,High,50,High,300,High,50000,humidity,BergerPaintsIndiaLtd,4040000
Bridges,SharavathiBridge,High,280,Low,30,Low,460,Low,48000,windy,ShreeCementLtd,2410000
Bridges,NewJubileeBridge,Low,290,Low,20,Low,220,High,24000,humidity,OrientCementLtd,3770000
Airports,IndiraGandhiInternationalAirport,High,250,Medium,50,High,240,High,46000,windy,JindalSteel&PowerLtd,3250000
Airports,ChhatrapatiShivajiMaharajInternationalAirport,High,440,High,50,Medium,220,Medium,30000,Hightemp,SAIL(SteelAuthorityofIndiaLtd),3120000
Airports,KempegowdaInternationalAirport,Low,360,Medium,40,Low,460,Medium,27000,heavyrain,AsianPaints(forpaints&coatings),3070000
Airports,ChennaiInternationalAirport,Medium,240,Medium,30,Medium,480,Medium,41000,tightsoil,VizagSteel(RINL-RashtriyaIspatNigamLtd),2680000
Airports,NetajiSubhasChandraBoseInternationalAirport,Low,330,Medium,50,Low,490,Low,22000,loosesoil,ShreeCementLtd,4570000
Airports,RajivGandhiInternationalAirport,High,330,High,40,High,320,High,27000,Hightemp,SAIL(SteelAuthorityofIndiaLtd),3010000
Airports,CochinInternationalAirport,High,450,Medium,50,High,230,High,20000,Hightemp,SupremeIndustries(forpipes&fittings),4360000
Airports,PuneInternationalAirport,High,420,High,30,High,420,High,41000,Hightemp,Hindware(HSILLimited),3010000
Airports,GoaInternationalAirport,High,400,Low,20,Low,350,Low,24000,heavyrain,DalmiaCement(Bharat)Ltd,4660000
Airports,SardarVallabhbhaiPatelInternationalAirport,Low,420,High,40,Medium,210,Medium,25000,windy,LafargeHolcimIndia,2430000
Airports,TrivandrumInternationalAirport,High,350,High,40,Low,370,Medium,30000,loosesoil,JindalSteel&PowerLtd,3020000
Airports,JaipurInternationalAirport,Medium,330,Low,20,Low,440,High,38000,humidity,DalmiaCement(Bharat)Ltd,2400000
Airports,ChaudharyCharanSinghInternationalAirport,Low,360,High,30,Medium,240,Low,24000,tightsoil,NerolacPaints,2470000
Airports,BijuPatnaikInternationalAirport,Low,440,Low,30,High,360,Medium,29000,loosesoil,Hindware(HSILLimited),3590000
Airports,LokpriyaGopinathBordoloiInternationalAirport,Medium,210,Medium,30,Low,480,Low,43000,loosesoil,AmbujaCementsLtd,2300000
Airports,MaduraiAirport,Low,300,Medium,40,Low,200,Low,28000,tightsoil,NerolacPaints,4890000
Airports,AmritsarInternationalAirport,Medium,270,Medium,50,Low,490,High,25000,heavyrain,DalmiaCement(Bharat)Ltd,2000000
Airports,VisakhapatnamInternationalAirport,Low,430,Low,20,Low,230,Medium,41000,windy,OrientCementLtd,3450000
Airports,BagdograInternationalAirport,High,430,Low,50,High,290,Low,38000,loosesoil,AsianPaints(forpaints&coatings),4210000
Airports,CoimbatoreInternationalAirport,Low,490,Medium,20,Low,280,High,45000,windy,BirlaCement,3980000
Airports,BhubaneswarAirport,High,200,High,30,High,420,Medium,30000,windy,Hindware(HSILLimited),3200000
Airports,KannurInternationalAirport,Medium,310,High,20,Medium,450,Medium,42000,windy,JSWCementLtd,4580000
Airports,SrinagarInternationalAirport,Low,290,Medium,40,Low,230,High,49000,windy,BirlaCement,3430000
Airports,VadodaraAirport,Medium,340,High,20,Low,440,Medium,38000,humidity,CeraSanitarywareLtd,4200000
Airports,MangaloreInternationalAirport,High,400,Low,50,High,380,Medium,44000,heavyrain,LafargeHolcimIndia,4530000
Airports,RaipurAirport,Low,440,High,50,Low,490,High,40000,windy,SupremeIndustries(forpipes&fittings),4160000
Airports,GayaInternationalAirport,Low,350,High,50,Medium,460,High,20000,heavyrain,DalmiaCement(Bharat)Ltd,2880000
Airports,AgartalaAirport,High,360,Low,30,Medium,380,Medium,50000,tightsoil,SupremeIndustries(forpipes&fittings),4520000
Airports,DehradunAirport,High,470,Medium,20,Medium,230,High,20000,windy,RamcoCementsLtd,4120000
Airports,PatnaAirport,Low,410,High,20,Low,330,Low,24000,Hightemp,AmbujaCementsLtd,3970000
ResidentialBuilding,The42,Medium,460,High,40,High,390,Low,50000,tightsoil,CeraSanitarywareLtd,2390000
ResidentialBuilding,Omkar1973,High,460,Medium,30,Low,350,Low,20000,windy,UltraTechCementLtd,2740000
ResidentialBuilding,PalaisRoyale,High,210,Low,50,Low,300,Medium,44000,loosesoil,DalmiaCement(Bharat)Ltd,2010000
ResidentialBuilding,Antilia,High,480,High,30,Medium,490,Low,50000,loosesoil,DalmiaCement(Bharat)Ltd,3200000
ResidentialBuilding,LodhaThePark,Medium,460,Low,40,Low,260,Medium,30000,heavyrain,Hindware(HSILLimited),4280000
ResidentialBuilding,WorldOne,High,480,High,40,High,230,Low,23000,tightsoil,BergerPaintsIndiaLtd,4230000
ResidentialBuilding,TheCrest,High,230,Low,30,Medium,250,Medium,23000,Hightemp,AmbujaCementsLtd,3540000
ResidentialBuilding,TheAddress,High,480,Low,40,High,350,Low,50000,tightsoil,BirlaCement,4760000
ResidentialBuilding,RahejaRevanta,Low,480,Low,20,Medium,260,Low,32000,loosesoil,JSWCementLtd,2540000
ResidentialBuilding,AtmosphereTower,Low,380,Medium,30,Low,410,Low,38000,tightsoil,CeraSanitarywareLtd,2700000
ResidentialBuilding,LodhaAltamount,Low,430,Low,20,Low,400,Medium,36000,heavyrain,RamcoCementsLtd,3830000
ResidentialBuilding,ImperialHeights,High,270,Medium,30,Low,270,High,48000,windy,CeraSanitarywareLtd,3900000
ResidentialBuilding,OmkarAltaMonte,High,420,High,30,High,270,Low,39000,windy,ACCLimited,3850000
ResidentialBuilding,SkyBelvedere,Medium,210,High,30,Medium,200,Low,42000,tightsoil,ShreeCementLtd,2750000
ResidentialBuilding,MarathonFuturex,Medium,420,Medium,50,Medium,340,High,39000,loosesoil,DalmiaCement(Bharat)Ltd,2370000
ResidentialBuilding,SupernovaSpira,Medium,310,High,30,High,400,High,27000,humidity,Hindware(HSILLimited),2580000
ResidentialBuilding,KalpataruAvana,Low,230,Low,30,High,290,High,30000,tightsoil,SupremeIndustries(forpipes&fittings),2730000
ResidentialBuilding,EktaTripolis,High,220,Medium,50,Low,320,High,30000,loosesoil,SAIL(SteelAuthorityofIndiaLtd),2420000
ResidentialBuilding,L&TCrescentBay,Medium,270,High,50,High,340,Medium,34000,windy,BirlaCement,2470000
ResidentialBuilding,PrestigeShantiniketan,High,380,Medium,30,Low,230,High,31000,tightsoil,NerolacPaints,2620000
ResidentialBuilding,TheImperial,Medium,380,High,30,Medium,460,Medium,36000,windy,OrientCementLtd,4870000
ResidentialBuilding,ArihantAmodini,Low,220,Low,40,High,480,High,20000,Hightemp,Hindware(HSILLimited),3320000
ResidentialBuilding,OberoiSkyCity,Low,390,High,50,High,280,High,28000,Hightemp,BirlaCement,4850000
ResidentialBuilding,LodhaBellissimo,Low,240,Medium,40,Medium,430,Low,50000,heavyrain,VizagSteel(RINL-RashtriyaIspatNigamLtd),2760000
ResidentialBuilding,PiramalMahalaxmi,High,300,High,30,Low,340,Low,29000,heavyrain,RamcoCementsLtd,4550000
ResidentialBuilding,WadhwaSolitaire,Medium,320,High,20,Low,360,Medium,29000,Hightemp,BergerPaintsIndiaLtd,3930000
ResidentialBuilding,CrescentBayTowers,Low,270,Medium,30,Medium,300,Low,31000,windy,CeraSanitarywareLtd,4280000
ResidentialBuilding,DLFTheCamellias,High,350,Medium,30,Medium,420,Medium,31000,windy,SupremeIndustries(forpipes&fittings),2800000
ResidentialBuilding,TheParkTower,Low,410,Low,50,High,420,Low,46000,Hightemp,BirlaCement,3910000
ResidentialBuilding,TataHousingMyst,Low,350,Medium,30,High,280,Low,24000,heavyrain,ShreeCementLtd,3710000
CommercialBuilding,BombayStockExchangeTower,Medium,270,Medium,20,Low,360,Low,29000,humidity,JindalSteel&PowerLtd,3860000
CommercialBuilding,WorldTradeCenterMumbai,Medium,340,Low,40,High,320,Low,30000,tightsoil,DalmiaCement(Bharat)Ltd,3380000
CommercialBuilding,InfosysPuneCampus,Medium,200,Low,30,High,320,High,29000,humidity,ACCLimited,3710000
CommercialBuilding,InfosysBangaloreCampus,Medium,220,Low,50,Low,420,Low,38000,Hightemp,ShreeCementLtd,4810000
CommercialBuilding,CyberHubGurgaon,High,320,High,50,Low,350,High,44000,Hightemp,NerolacPaints,3420000
CommercialBuilding,ManyataTechPark,Medium,470,High,20,Low,500,Medium,44000,humidity,BirlaCement,3510000
CommercialBuilding,DLFCyberCity,High,490,High,40,Medium,360,Low,34000,windy,SupremeIndustries(forpipes&fittings),3580000
CommercialBuilding,SEZNoida,Low,250,High,20,High,470,Low,48000,heavyrain,SAIL(SteelAuthorityofIndiaLtd),4010000
CommercialBuilding,ExpressTowers,Medium,210,Medium,20,High,310,Medium,32000,windy,AsianPaints(forpaints&coatings),4330000
CommercialBuilding,TheCapital,Medium,260,High,30,Medium,480,High,44000,humidity,NerolacPaints,2650000
CommercialBuilding,MakerChambers,Medium,290,Low,50,Low,310,Medium,38000,windy,ACCLimited,2980000
CommercialBuilding,GodrejBKC,High,260,Medium,30,Medium,440,High,33000,windy,NerolacPaints,3290000
CommercialBuilding,OberoiCommerz,High,490,Medium,30,High,260,Low,25000,humidity,Hindware(HSILLimited),3700000
CommercialBuilding,TheRuby,Low,380,Low,40,Low,430,Low,30000,Hightemp,RamcoCementsLtd,2290000
CommercialBuilding,RMZInfinity,High,460,Medium,30,High,270,Medium,49000,heavyrain,RamcoCementsLtd,4860000
CommercialBuilding,MindspaceHyderabad,High,360,Low,20,Low,400,Medium,44000,windy,AsianPaints(forpaints&coatings),3810000
CommercialBuilding,TidelParkChennai,Medium,360,High,30,High,380,Medium,33000,heavyrain,RamcoCementsLtd,2220000
CommercialBuilding,PrestigeTechPark,Medium,340,High,50,Medium,480,Low,41000,heavyrain,SupremeIndustries(forpipes&fittings),2480000
CommercialBuilding,DLFITPark,High,380,High,30,Medium,420,Medium,22000,Hightemp,ShreeCementLtd,4710000
CommercialBuilding,WorldmarkAerocity,Medium,250,Low,20,High,210,Medium,26000,windy,VizagSteel(RINL-RashtriyaIspatNigamLtd),4860000
CommercialBuilding,EONFreeZone,Medium,500,High,50,High,370,Low,49000,humidity,CeraSanitarywareLtd,4900000
CommercialBuilding,EmbassyGolfLinks,Medium,490,Low,40,High,370,High,22000,windy,OrientCementLtd,2040000
CommercialBuilding,WaverockHyderabad,Medium,460,High,40,High,320,Medium,25000,Hightemp,AmbujaCementsLtd,3810000
CommercialBuilding,WeWorkBKC,Medium,500,Low,50,High,230,Low,48000,tightsoil,JindalSteel&PowerLtd,4720000
CommercialBuilding,KohinoorSquare,High,430,Medium,30,High,390,High,27000,loosesoil,JindalSteel&PowerLtd,4480000
CommercialBuilding,ICICITowers,High,480,High,40,High,330,Medium,31000,humidity,AsianPaints(forpaints&coatings),3750000
CommercialBuilding,UBCityBangalore,Medium,260,Low,20,Medium,260,High,29000,tightsoil,UltraTechCementLtd,4000000
CommercialBuilding,I-flexSolutionsCampus,High,290,Low,20,Medium,450,Medium,36000,tightsoil,VizagSteel(RINL-RashtriyaIspatNigamLtd),2060000
CommercialBuilding,ITCGreenCentre,High,450,High,40,Medium,460,Low,30000,windy,JindalSteel&PowerLtd,3970000
CommercialBuilding,WaveOne,Medium,220,High,30,Medium,430,High,24000,windy,TataSteelLimited,4340000
Resorts,TajLakePalaceResort,Low,280,Low,50,Medium,440,High,43000,tightsoil,ACCLimited,2910000
Resorts,TheOberoiUdaivilasResort,Medium,450,Low,30,Medium,440,Low,44000,Hightemp,JindalSteel&PowerLtd,4880000
Resorts,KumarakomLakeResort,Medium,220,High,30,High,370,Low,37000,windy,BirlaCement,3850000
Resorts,TheLeelaResort,Low,300,High,30,Medium,240,High,26000,heavyrain,UltraTechCementLtd,3740000
Resorts,AnandaintheHimalayasResort,High,350,Medium,40,Low,230,Low,34000,humidity,JSWCementLtd,2020000
Resorts,WildflowerHallResort,High,210,High,40,Low,410,Low,40000,loosesoil,AmbujaCementsLtd,2300000
Resorts,AmanbaghResort,High,210,Low,50,High,350,Low,40000,humidity,UltraTechCementLtd,4120000
Resorts,OrangeCountyResort,Low,220,High,40,High,490,Low,29000,humidity,RamcoCementsLtd,3480000
Resorts,ITCGrandResort&Spa,High,490,High,50,Medium,430,Medium,27000,tightsoil,ACCLimited,2870000
Resorts,NeemranaFortResort,Low,360,Medium,20,Medium,240,High,23000,heavyrain,JindalSteel&PowerLtd,3890000
Resorts,TheTamaraResort,High,320,High,30,High,340,Medium,41000,Hightemp,TataSteelLimited,2810000
Resorts,TheKhyberHimalayanResort,High,480,Low,50,Low,210,High,30000,Hightemp,UltraTechCementLtd,4990000
Resorts,SuryagarhResort,High,470,Low,50,Medium,200,Low,27000,Hightemp,ShreeCementLtd,2640000
Resorts,TheSeraiResort,Low,450,Low,40,Medium,220,Low,26000,windy,CeraSanitarywareLtd,2280000
Resorts,MarariBeachResort,Low,450,Medium,50,High,390,Medium,23000,humidity,ACCLimited,3590000
Resorts,RadissonBluResort,Low,410,High,20,High,420,High,41000,tightsoil,DalmiaCement(Bharat)Ltd,2910000
Resorts,AlilaDiwaResort,Low,330,High,40,Low,440,Medium,34000,tightsoil,DalmiaCement(Bharat)Ltd,4040000
Resorts,EvolveBackResort,Medium,280,High,50,Low,330,High,47000,humidity,JSWCementLtd,3650000
Resorts,TheWindflowerResort,Low,250,High,40,Medium,310,Low,21000,loosesoil,ACCLimited,3100000
Resorts,TheLalitResort&Spa,Medium,220,Low,40,Low,470,Medium,41000,windy,LafargeHolcimIndia,3750000
Restaurants,IndianAccent,High,270,High,40,Low,320,Low,35000,Hightemp,AsianPaints(forpaints&coatings),3940000
Restaurants,Bukhara,Low,440,Low,50,High,220,High,29000,heavyrain,NerolacPaints,4850000
Restaurants,DumPukht,Medium,370,Medium,40,Medium,290,Medium,48000,tightsoil,JSWCementLtd,4170000
Restaurants,Gaggan,Medium,440,Medium,30,Medium,500,High,39000,tightsoil,BergerPaintsIndiaLtd,3190000
Restaurants,TheTable,Low,460,Medium,50,Low,380,Low,23000,tightsoil,VizagSteel(RINL-RashtriyaIspatNigamLtd),4160000
Restaurants,MasalaLibrary,High,260,Low,40,High,230,High,25000,heavyrain,NerolacPaints,3660000
Restaurants,WasabibyMorimoto,High,350,Low,50,Medium,330,High,21000,Hightemp,RamcoCementsLtd,4300000
Restaurants,VillaMaya,High,340,Low,30,High,470,High,22000,humidity,TataSteelLimited,3820000
Restaurants,TheBombayCanteen,Low,490,Low,40,High,250,High,38000,heavyrain,ShreeCementLtd,3520000
Restaurants,OliveBar&Kitchen,High,390,Medium,20,Low,210,High,42000,loosesoil,AmbujaCementsLtd,3800000
Restaurants,Trishna,Medium,270,Medium,50,Low,310,Medium,30000,windy,NerolacPaints,2540000
Restaurants,Karavalli,Medium,470,High,20,Low,300,Medium,29000,heavyrain,CeraSanitarywareLtd,3740000
Restaurants,Peshawri,Medium,310,Low,30,Low,350,Medium,32000,tightsoil,AmbujaCementsLtd,3840000
Restaurants,OPedro,Low,470,High,20,Low,440,Medium,46000,Hightemp,CeraSanitarywareLtd,4080000
Restaurants,Megu,Low,470,Medium,20,Low,390,Medium,30000,tightsoil,ACCLimited,4480000
Restaurants,Ziya,High,270,Medium,30,Medium,260,Low,38000,heavyrain,JindalSteel&PowerLtd,3090000
Restaurants,TheSpiceRoute,Medium,420,Medium,20,Medium,460,Medium,37000,humidity,ShreeCementLtd,3490000
Restaurants,MalakaSpice,Medium,460,High,40,High,240,High,39000,tightsoil,RamcoCementsLtd,3120000
Restaurants,SavyaRasa,High,390,Low,50,Medium,370,High,20000,heavyrain,JindalSteel&PowerLtd,4760000
Restaurants,Toast&Tonic,Medium,300,High,40,Medium,330,High,20000,windy,NerolacPaints,2560000
Temples,SriVenkateswaraSwamyTemple,High,320,High,50,High,330,Low,47000,heavyrain,DalmiaCement(Bharat)Ltd,4280000
Temples,KanakaDurgaTemple,Low,230,Low,30,Low,470,Medium,36000,tightsoil,JSWCementLtd,3550000
Temples,MeenakshiAmmanTemple,Low,360,Low,20,High,270,Low,25000,humidity,CeraSanitarywareLtd,4740000
Temples,RamalingeswaraTemple,Medium,480,Medium,50,Medium,240,High,43000,humidity,CeraSanitarywareLtd,4450000
Temples,BhavaniShankarTemple,Low,350,Low,20,Medium,450,Medium,23000,windy,ACCLimited,4290000
Temples,KasiViswanatharTemple,Low,280,Low,20,High,410,Low,50000,loosesoil,SAIL(SteelAuthorityofIndiaLtd),4350000
Temples,SriLakshmiNarasimhaSwamyTemple,High,400,Low,50,Low,470,Medium,35000,humidity,VizagSteel(RINL-RashtriyaIspatNigamLtd),4980000
Temples,ChennakesavaTemple,Medium,260,Medium,50,High,280,Medium,36000,Hightemp,LafargeHolcimIndia,2870000
Temples,RanganathaswamyTemple,Low,350,Low,40,Medium,390,Medium,36000,heavyrain,ShreeCementLtd,2830000
Temples,AnnavaramSatyanarayanaSwamyTemple,Low,450,High,50,Low,310,Medium,24000,loosesoil,OrientCementLtd,2630000
Temples,SriMallikarjunaSwamyTemple,Medium,270,Medium,40,High,450,High,21000,humidity,OrientCementLtd,4070000
Temples,JagannathTemple,Low,300,High,50,High,300,Low,34000,loosesoil,NerolacPaints,4480000
Temples,BhimeswaraTemple,Medium,200,Low,50,Medium,450,Medium,24000,tightsoil,OrientCementLtd,2440000
Temples,VeerabhadraSwamyTemple,High,360,High,40,High,200,Medium,25000,windy,SupremeIndustries(forpipes&fittings),4810000
Temples,RajaRajeshwariTemple,Medium,200,Medium,30,Medium,210,High,46000,windy,BergerPaintsIndiaLtd,3000000
Temples,SriVarahaLakshmiNarasimhaSwamyTemple,Medium,480,Low,30,Medium,220,Medium,41000,heavyrain,AsianPaints(forpaints&coatings),4670000
Temples,SrisailamBhramarambaMallikarjunaTemple,Low,290,Medium,30,High,390,Low,22000,tightsoil,OrientCementLtd,4640000
Temples,SringeriSharadaPeetham,Low,250,Low,50,Medium,320,High,50000,heavyrain,LafargeHolcimIndia,2270000
Temples,MahakaleshwarTemple,High,500,Low,30,Medium,450,Medium,46000,humidity,NerolacPaints,2910000
Temples,EkambareswararTemple,High,340,Low,30,High,330,Low,50000,tightsoil,DalmiaCement(Bharat)Ltd,3010000
Temples,ChidambaramNatarajaTemple,High,460,Medium,30,Low,290,Low,21000,loosesoil,VizagSteel(RINL-RashtriyaIspatNigamLtd),3840000
Temples,KalahastiTemple,Low,200,Low,50,High,330,Medium,25000,loosesoil,BergerPaintsIndiaLtd,2960000
Temples,ThirunallarSaneeswaranTemple,High,400,Medium,30,High,490,High,44000,humidity,JSWCementLtd,4800000
Temples,SriRaghavendraSwamyMutt,Medium,340,Low,50,Low,440,Medium,37000,loosesoil,JSWCementLtd,4760000
Temples,PalaniMuruganTemple,High,450,Low,40,High,320,Medium,43000,loosesoil,ShreeCementLtd,3980000
Temples,ArasavalliSunTemple,High,490,Low,30,High,390,Low,43000,heavyrain,CeraSanitarywareLtd,3620000
Temples,SimhachalamTemple,Low,300,High,20,High,210,Low,45000,tightsoil,Hindware(HSILLimited),4410000
Temples,DakshineswarKaliTemple,Medium,400,High,30,High,300,Low,26000,humidity,AmbujaCementsLtd,3370000
Temples,ISKCONTemple,Medium,420,Medium,30,Medium,280,High,28000,loosesoil,DalmiaCement(Bharat)Ltd,2120000
Temples,JagadambaTemple,Low,320,Low,50,Medium,410,Medium,21000,tightsoil,ACCLimited,4440000
MovieTheatres,PVRCinemas,Medium,400,High,30,Low,220,Low,20000,Hightemp,JindalSteel&PowerLtd,3460000
MovieTheatres,INOXMultiplex,High,430,Medium,20,Medium,350,Medium,44000,humidity,LafargeHolcimIndia,3960000
MovieTheatres,CinepolisArena,Medium,200,High,30,High,490,Medium,48000,humidity,SupremeIndustries(forpipes&fittings),4070000
MovieTheatres,MirajCinemas,Medium,430,Low,30,High,430,Low,29000,windy,VizagSteel(RINL-RashtriyaIspatNigamLtd),3610000
MovieTheatres,GalaxyMovieTheatre,Medium,420,Low,30,Medium,410,High,47000,loosesoil,OrientCementLtd,4110000
MovieTheatres,PrasadsIMAX,Medium,250,Medium,20,Low,480,Low,25000,heavyrain,ShreeCementLtd,2280000
MovieTheatres,AsianCinemas,High,220,Medium,40,Medium,300,High,35000,Hightemp,NerolacPaints,2230000
MovieTheatres,RKCineplex,High,220,Medium,40,Medium,230,Medium,36000,windy,CeraSanitarywareLtd,3950000
MovieTheatres,CineMaxTheatre,Low,460,Medium,50,Low,330,Low,37000,loosesoil,ShreeCementLtd,3160000
MovieTheatres,Gokul70MM,Medium,440,Low,20,Low,350,Medium,30000,windy,AmbujaCementsLtd,3350000
MovieTheatres,DeviTheatre,Medium,360,Low,40,High,200,Medium,35000,loosesoil,BergerPaintsIndiaLtd,3250000
MovieTheatres,SVMultiplex,High,440,High,40,Medium,240,High,41000,humidity,UltraTechCementLtd,4230000
MovieTheatres,Sudarshan35MM,Low,350,High,40,Medium,500,High,26000,humidity,UltraTechCementLtd,3780000
MovieTheatres,MayuriTheatre,Low,300,Medium,30,Low,420,High,27000,tightsoil,LafargeHolcimIndia,3590000
MovieTheatres,RaghavendraCinemas,Low,460,Low,20,Medium,220,Medium,45000,windy,Hindware(HSILLimited),2150000
MovieTheatres,SathyamCinemas,Low,270,Medium,40,Medium,360,High,44000,humidity,AsianPaints(forpaints&coatings),3150000
MovieTheatres,EshwarCineHub,High,240,High,40,Low,340,Medium,39000,heavyrain,AmbujaCementsLtd,3210000
MovieTheatres,LakshmiNarasimhaCineplex,Low,380,Medium,20,Low,310,High,37000,loosesoil,ACCLimited,2810000
MovieTheatres,KalyaniCineComplex,High,210,High,30,Medium,390,Low,42000,humidity,NerolacPaints,4180000
MovieTheatres,AnnapurnaTheatre,Medium,210,High,40,Medium,340,Low,43000,Hightemp,AsianPaints(forpaints&coatings),2970000
MovieTheatres,ShivaParvathiCinema,Medium,290,High,50,Medium,330,Medium,39000,tightsoil,ACCLimited,3880000
MovieTheatres,VishnuDeluxe,High,320,Low,30,Low,490,High,31000,loosesoil,ACCLimited,3180000
MovieTheatres,MegaCineplex,Low,350,High,30,High,290,Low,27000,Hightemp,JSWCementLtd,2030000
MovieTheatres,GrandWorldCinema,Low,450,Medium,20,Low,220,Low,31000,windy,DalmiaCement(Bharat)Ltd,4890000
MovieTheatres,UniversalCinemas,Medium,330,High,20,Medium,430,Low,33000,Hightemp,LafargeHolcimIndia,4640000
MovieTheatres,SSMultiplex,Low,460,High,20,Low,420,High,44000,heavyrain,OrientCementLtd,4850000
MovieTheatres,RajaDeluxeTheatre,Low,490,High,40,Low,430,Medium,23000,heavyrain,LafargeHolcimIndia,3490000
MovieTheatres,BlueDiamondCinema,Medium,410,High,30,High,310,High,30000,Hightemp,Hindware(HSILLimited),2730000
MovieTheatres,EmpireMovieHub,Medium,490,Medium,20,High,380,Low,33000,humidity,SupremeIndustries(forpipes&fittings),2940000
MovieTheatres,DiamondScreen,High,250,Low,20,High,240,Low,50000,loosesoil,AmbujaCementsLtd,4000000
Parks,NehruZoologicalPark,Medium,360,Medium,20,Medium,320,Low,26000,Hightemp,JSWCementLtd,3010000
Parks,LumbiniPark,Medium,280,High,40,Medium,240,Medium,25000,heavyrain,AmbujaCementsLtd,2190000
Parks,EcoGreenPark,Medium,280,Medium,30,High,440,Medium,28000,windy,JSWCementLtd,3970000
Parks,GandhiBotanicalGarden,Low,320,High,50,Low,440,Low,41000,tightsoil,Hindware(HSILLimited),2480000
Parks,CentralAmusementPark,High,350,Medium,20,Medium,360,Medium,39000,heavyrain,RamcoCementsLtd,2900000
Parks,KBRNationalPark,High,330,Low,40,High,430,Medium,47000,heavyrain,AsianPaints(forpaints&coatings),2540000
Parks,IndiraGandhiPark,Medium,210,High,20,Medium,240,Medium,36000,windy,Hindware(HSILLimited),4530000
Parks,RajivSmritiVan,Low,410,Low,40,High,310,Medium,39000,humidity,AsianPaints(forpaints&coatings),3320000
Parks,ChildrenPlayWorld,High,220,High,50,Medium,400,Medium,42000,humidity,NerolacPaints,4030000
Parks,RockGarden,Medium,470,High,20,High,420,Low,28000,loosesoil,BergerPaintsIndiaLtd,3600000
Parks,SubhashChandraPark,Low,260,Medium,20,High,490,Medium,35000,tightsoil,RamcoCementsLtd,4750000
Parks,LakeViewPark,Low,330,Low,50,Low,490,High,42000,windy,JSWCementLtd,4250000
Parks,SunderbansEcologicalPark,High,250,High,20,High,350,High,49000,heavyrain,BirlaCement,4280000
Parks,NationalFossilPark,Low,500,Low,40,Low,460,Medium,36000,tightsoil,CeraSanitarywareLtd,4300000
Parks,NagarjunaSagarWildlifePark,High,220,Low,30,Low,280,Low,27000,loosesoil,LafargeHolcimIndia,3990000
Parks,DeerPark,Low,340,High,20,High,420,High,47000,tightsoil,AmbujaCementsLtd,3280000
Parks,AdventureFunPark,Medium,500,High,20,High,470,Low,48000,loosesoil,BergerPaintsIndiaLtd,2570000
Parks,MiniZooPark,Low,250,Low,50,Low,330,Low,41000,loosesoil,ShreeCementLtd,2350000
Parks,RainbowEcoPark,Low,200,Medium,30,Low,220,Low,40000,tightsoil,BergerPaintsIndiaLtd,4220000
Parks,CentralChildrensPark,Medium,500,Medium,40,High,480,Low,50000,loosesoil,VizagSteel(RINL-RashtriyaIspatNigamLtd),2460000
Parks,VictoriaPark,Low,430,Medium,40,Low,490,Low,28000,windy,SAIL(SteelAuthorityofIndiaLtd),4680000
Parks,MeghaGreenfieldsPark,Medium,470,Medium,50,Low,500,Low,38000,windy,AmbujaCementsLtd,2650000
Parks,MarineDrivePark,Medium,450,Medium,40,Low,260,Low,30000,windy,UltraTechCementLtd,2580000
Parks,GoldenHeritagePark,Low,480,Low,40,Low,310,High,41000,tightsoil,JSWCementLtd,3690000
Parks,CityGardenPark,Low,500,High,30,Low,440,High,44000,tightsoil,BirlaCement,4500000
Parks,HitechBotanicalGardens,Low,320,Medium,30,Low,440,Medium,46000,heavyrain,DalmiaCement(Bharat)Ltd,3430000
Parks,WaterWorldAmusementPark,Medium,440,Low,40,High,470,High,49000,windy,CeraSanitarywareLtd,4500000
Parks,WildlifeSafariPark,Medium,420,High,50,High,410,Medium,45000,humidity,AmbujaCementsLtd,2340000
Parks,ButterflyGarden,High,390,Low,50,Low,400,Low,37000,humidity,JindalSteel&PowerLtd,2560000
Parks,SkyviewAdventurePark,Low,260,Low,50,Low,420,Low,45000,tightsoil,JSWCementLtd,3820000
Bustand,APSRTCBusTerminal,High,330,Medium,50,High,490,High,20000,heavyrain,AmbujaCementsLtd,4360000
Bustand,CentralBusStand,High,230,High,20,Medium,320,Medium,21000,Hightemp,SAIL(SteelAuthorityofIndiaLtd),2490000
Bustand,MetroCityBusStation,Low,200,Medium,30,Low,290,Low,25000,heavyrain,NerolacPaints,2510000
Bustand,JubileeBusDepot,Medium,330,Medium,50,Medium,440,Medium,37000,humidity,VizagSteel(RINL-RashtriyaIspatNigamLtd),3360000
Bustand,TownBusJunction,Low,400,Medium,40,Low,500,Low,25000,humidity,BirlaCement,3980000
Bustand,RTCCrossRoadsBusStand,High,320,High,30,High,410,Low,47000,windy,SAIL(SteelAuthorityofIndiaLtd),2230000
Bustand,PanjaguttaBusStop,High,450,Medium,20,High,330,Medium,20000,humidity,AsianPaints(forpaints&coatings),4170000
Bustand,MGRoadBusTerminal,High,350,High,20,High,210,Medium,34000,loosesoil,JSWCementLtd,2850000
Bustand,KukatpallyBusDepot,High,290,Low,30,Low,300,Medium,39000,windy,BergerPaintsIndiaLtd,3260000
Bustand,KotiBusStand,Low,330,High,30,Medium,450,High,44000,Hightemp,JSWCementLtd,2940000
Bustand,VijayawadaRTCBusStation,High,410,High,40,Low,390,Medium,38000,tightsoil,RamcoCementsLtd,3410000
Bustand,VisakhapatnamBusComplex,Medium,220,Low,20,Low,480,Medium,39000,heavyrain,BirlaCement,3810000
Bustand,WarangalCentralBusStand,Low,480,High,40,Medium,230,Medium,30000,humidity,SupremeIndustries(forpipes&fittings),4850000
Bustand,NelloreRTCDepot,Low,360,Low,30,High,340,High,33000,tightsoil,TataSteelLimited,4620000
Bustand,OngoleBusStand,Medium,490,Medium,20,Low,310,Low,34000,tightsoil,BirlaCement,2790000
Bustand,RajahmundryBusTerminal,Low,300,Medium,30,Low,420,Low,25000,Hightemp,TataSteelLimited,4140000
Bustand,EluruBusComplex,Medium,460,Medium,20,Low,460,Medium,45000,loosesoil,JindalSteel&PowerLtd,2880000
Bustand,GunturBusDepot,Low,230,Low,50,Low,470,High,45000,Hightemp,AsianPaints(forpaints&coatings),4450000
Bustand,TirupatiBusTerminal,High,220,Low,30,High,320,High,46000,windy,VizagSteel(RINL-RashtriyaIspatNigamLtd),4320000
Bustand,BangaloreMajesticBusStand,Low,290,Medium,50,Low,360,Low,22000,loosesoil,JindalSteel&PowerLtd,4610000
Bustand,ChennaiKoyambeduBusTerminal,High,460,High,40,High,430,High,50000,loosesoil,SAIL(SteelAuthorityofIndiaLtd),4080000
Bustand,HyderabadMGBS,Medium,390,High,40,Medium,240,Low,40000,loosesoil,JindalSteel&PowerLtd,3340000
Bustand,SecunderabadJubileeBusStand,Low,220,Medium,40,Low,450,Medium,45000,heavyrain,OrientCementLtd,2510000
Bustand,KarimnagarBusDepot,Medium,460,High,50,Low,220,High,29000,heavyrain,UltraTechCementLtd,3600000
Bustand,BhimavaramBusStand,High,440,Low,40,High,220,Medium,35000,loosesoil,RamcoCementsLtd,2790000
Bustand,GudivadaRTCBusStop,Low,330,High,50,Low,480,High,48000,Hightemp,JindalSteel&PowerLtd,3590000
Bustand,KurnoolBusTerminal,Low,260,High,20,Medium,270,Medium,28000,tightsoil,SupremeIndustries(forpipes&fittings),2840000
Bustand,SrikakulamRTCDepot,High,410,Low,40,Medium,420,Low,27000,humidity,NerolacPaints,3710000
Bustand,NizamabadBusStation,High,480,Medium,50,Medium,450,Low,32000,humidity,JindalSteel&PowerLtd,2450000
Bustand,AnantapurBusStand,Low,470,High,40,Low,230,Medium,42000,loosesoil,TataSteelLimited,2610000
Malls,PhoenixMarketCity,Medium,480,High,20,High,250,Medium,21000,Hightemp,Hindware(HSILLimited),3510000
Malls,ForumMall,High,200,Medium,50,Low,360,Low,34000,Hightemp,CeraSanitarywareLtd,3680000
Malls,SouthGrandMall,High,370,Low,20,Low,200,Medium,40000,heavyrain,AsianPaints(forpaints&coatings),4020000
Malls,DLFShoppingArena,High,260,High,30,Medium,500,High,36000,Hightemp,SupremeIndustries(forpipes&fittings),4160000
Malls,VRMegaMall,Medium,500,Low,50,Low,220,Medium,47000,heavyrain,LafargeHolcimIndia,2640000
Malls,LuluInternationalMall,High,400,High,50,High,300,Medium,26000,loosesoil,CeraSanitarywareLtd,2290000
Malls,CityCenterMall,High,450,Low,20,Medium,430,Medium,46000,humidity,UltraTechCementLtd,4630000
Malls,ElanteMall,High,250,Low,40,High,430,High,33000,humidity,RamcoCementsLtd,2070000
Malls,TheGreatIndiaPlace,Low,200,Low,50,Medium,470,Low,33000,loosesoil,VizagSteel(RINL-RashtriyaIspatNigamLtd),2690000
Malls,InorbitMall,Low,490,Medium,40,Low,360,Medium,35000,humidity,BirlaCement,2780000
Malls,NexusEsplanadeMall,Low,320,Low,30,Low,230,High,46000,heavyrain,LafargeHolcimIndia,3720000
Malls,PrestigeShoppingPlaza,High,360,Medium,40,Low,300,Low,40000,loosesoil,RamcoCementsLtd,2970000
Malls,RameeShoppingHub,High,240,High,50,High,340,Low,44000,loosesoil,BirlaCement,3990000
Malls,CentralPlazaMall,Medium,260,High,40,Medium,450,Low,27000,windy,UltraTechCementLtd,3300000
Malls,GalaxyMall,Medium,360,Medium,50,Medium,270,Medium,46000,loosesoil,TataSteelLimited,3460000
Malls,MetroMegaMall,Medium,250,High,40,High,460,Low,33000,loosesoil,NerolacPaints,4220000
Malls,InfinityShoppingComplex,Low,460,Low,30,High,490,High,22000,tightsoil,UltraTechCementLtd,4240000
Malls,OrbitCityMall,High,500,Medium,40,Low,320,Medium,28000,heavyrain,VizagSteel(RINL-RashtriyaIspatNigamLtd),3250000
Malls,TreasureIslandMall,Medium,460,High,30,High,200,Low,29000,windy,UltraTechCementLtd,2330000
Malls,WhiteOrchidMall,High,280,Medium,50,Low,470,High,41000,windy,DalmiaCement(Bharat)Ltd,4110000
Malls,BigBazaarShoppingMall,Medium,480,High,40,Medium,400,Medium,23000,Hightemp,UltraTechCementLtd,3830000
Malls,CrystalSquareMall,Low,350,Low,50,High,310,High,25000,heavyrain,ACCLimited,4840000
Malls,MegaWorldShoppingCentre,Low,480,High,30,High,220,High,38000,heavyrain,VizagSteel(RINL-RashtriyaIspatNigamLtd),2100000
Malls,FunCityMall,Low,500,Medium,20,Medium,390,High,30000,Hightemp,BirlaCement,2680000
Malls,StarLightPlaza,High,250,High,40,Low,420,Medium,43000,windy,JSWCementLtd,4120000
Malls,PlatinumTowersMall,Medium,330,High,50,Low,440,High,29000,Hightemp,AsianPaints(forpaints&coatings),4060000
Malls,TheEmporiumShoppingCentre,Low,250,Medium,30,Medium,240,High,26000,tightsoil,SAIL(SteelAuthorityofIndiaLtd),2520000
Malls,UptownLuxeMall,High,460,Medium,30,Medium,300,High,41000,heavyrain,TataSteelLimited,2960000
Malls,EvergreenRetailHub,Low,340,Low,40,High,340,Medium,26000,Hightemp,SupremeIndustries(forpipes&fittings),4800000
Malls,HyperCityMegaMall,Low,350,Medium,50,High,270,Medium,40000,humidity,AmbujaCementsLtd,2950000
FunctionHall,RoyalGrandConventionHall,Medium,210,Medium,40,Low,300,Medium,26000,heavyrain,UltraTechCementLtd,2200000
FunctionHall,SriLakshmiKalyanaMandapam,Medium,200,Low,30,High,460,Low,42000,humidity,ShreeCementLtd,3040000
FunctionHall,DiamondBanquetHall,Medium,430,Low,20,High,410,High,44000,heavyrain,AsianPaints(forpaints&coatings),4310000
FunctionHall,EmeraldPalaceFunctionHall,Medium,450,Low,20,Low,490,High,23000,loosesoil,BergerPaintsIndiaLtd,2210000
FunctionHall,PearlWeddingHall,High,240,High,40,Low,430,Low,30000,heavyrain,JindalSteel&PowerLtd,4580000
FunctionHall,SilverStarConventionCenter,Medium,260,High,40,Low,340,Medium,26000,tightsoil,TataSteelLimited,3010000
FunctionHall,FortuneWeddingHall,High,300,High,50,Medium,220,Medium,31000,loosesoil,VizagSteel(RINL-RashtriyaIspatNigamLtd),3140000
FunctionHall,RoyalOrchidBanquets,Low,210,High,30,High,490,High,38000,windy,VizagSteel(RINL-RashtriyaIspatNigamLtd),4550000
FunctionHall,GrandBlossomFunctionHall,Medium,380,Medium,20,High,270,Medium,47000,heavyrain,TataSteelLimited,2820000
FunctionHall,SaiSuryaConventionHall,Medium,460,High,20,Medium,360,High,50000,heavyrain,AsianPaints(forpaints&coatings),2530000
FunctionHall,StarviewWeddingHall,Medium,460,Low,20,Low,350,Medium,32000,Hightemp,OrientCementLtd,2040000
FunctionHall,SunriseCelebrationHall,High,220,Medium,50,Medium,500,Low,37000,Hightemp,SAIL(SteelAuthorityofIndiaLtd),2020000
FunctionHall,StarlitGardenFunctionHall,High,380,Medium,20,High,400,Medium,35000,windy,NerolacPaints,4790000
FunctionHall,HeritageConventionCentre,Low,330,Low,30,Low,220,High,39000,humidity,LafargeHolcimIndia,2960000
FunctionHall,GreenLeafBanquetHall,High,410,Medium,40,High,320,High,22000,heavyrain,AsianPaints(forpaints&coatings),2340000
FunctionHall,SapphireRoyalHall,High,370,Low,50,Low,410,Low,22000,windy,JindalSteel&PowerLtd,4300000
FunctionHall,GrandLotusFunctionHall,Medium,260,High,20,High,340,Medium,41000,Hightemp,Hindware(HSILLimited),3360000
FunctionHall,HarmonyBanquetHall,Medium,390,High,40,Medium,340,Medium,31000,loosesoil,DalmiaCement(Bharat)Ltd,2660000
FunctionHall,ZenithCelebrationCentre,High,290,High,50,Medium,280,High,39000,humidity,VizagSteel(RINL-RashtriyaIspatNigamLtd),3310000
FunctionHall,CelestialEventsHall,Medium,310,Low,50,High,430,Medium,22000,heavyrain,JSWCementLtd,2860000
FunctionHall,GoldenStarFunctionHall,Medium,250,High,30,High,370,Medium,20000,heavyrain,JSWCementLtd,3260000
FunctionHall,GrandPalaceBanquets,Medium,470,Low,20,High,360,High,24000,Hightemp,ACCLimited,4020000
FunctionHall,BlueMoonWeddingHall,Medium,430,High,20,High,240,Low,38000,loosesoil,BirlaCement,4260000
FunctionHall,ElegantVistaFunctionHall,Medium,320,Low,50,High,350,High,23000,heavyrain,JindalSteel&PowerLtd,4840000
FunctionHall,CrystalHeightsBanquetHall,High,420,Medium,30,High,310,Medium,49000,loosesoil,ShreeCementLtd,3320000
FunctionHall,MirageBanquet&Convention,High,340,High,20,High,440,High,38000,windy,LafargeHolcimIndia,2400000
FunctionHall,ParadiseGrandHall,Medium,330,Low,50,Medium,340,High,28000,humidity,DalmiaCement(Bharat)Ltd,2880000
FunctionHall,OpulentBanquets,High,470,Low,30,Medium,370,Medium,37000,heavyrain,UltraTechCementLtd,3700000
FunctionHall,MoonlightCelebrationHall,High,340,High,40,Medium,470,Medium,36000,tightsoil,NerolacPaints,2680000
FunctionHall,VelvetCrownFunctionHall,Medium,410,High,30,Medium,390,Low,47000,humidity,ShreeCementLtd,3290000
Powerplant,SrisailamHydroPowerPlant,Low,260,Low,30,Medium,280,High,26000,loosesoil,RamcoCementsLtd,4410000
Powerplant,NagarjunaSagarHydroelectricStation,Medium,270,Low,30,Medium,320,Medium,50000,tightsoil,OrientCementLtd,2330000
Powerplant,SimhadriThermalPowerPlant,Medium,330,High,50,High,300,Low,43000,heavyrain,UltraTechCementLtd,2880000
Powerplant,Dr.NarlaTataRaoThermalPowerPlant,Low,270,High,20,Medium,290,Low,32000,windy,ShreeCementLtd,3850000
Powerplant,RayalaseemaThermalPowerPlant,High,410,Medium,20,Low,460,Low,43000,humidity,UltraTechCementLtd,4750000
Powerplant,KudankulamNuclearPowerPlant,High,320,High,50,Low,210,High,27000,Hightemp,SAIL(SteelAuthorityofIndiaLtd),3690000
Powerplant,RamagundamSuperThermalPowerStation,High,250,Low,30,High,470,Low,32000,loosesoil,Hindware(HSILLimited),2090000
Powerplant,NLCNeyveliThermalStation,Low,390,High,50,High,230,Low,35000,loosesoil,TataSteelLimited,3740000
Powerplant,KaigaNuclearPowerPlant,High,490,High,40,Medium,430,Medium,35000,tightsoil,BirlaCement,2530000
Powerplant,VijayawadaThermalPowerStation,Low,310,Medium,20,Medium,200,Low,22000,heavyrain,ACCLimited,2080000
Powerplant,KothagudemThermalPowerStation,High,450,High,30,High,300,High,40000,humidity,TataSteelLimited,3900000
Powerplant,BhadlaSolarPowerPark,High,460,Low,30,Low,450,High,28000,windy,AsianPaints(forpaints&coatings),4590000
Powerplant,RewaUltraMegaSolarPark,High,340,Low,30,Medium,250,High,47000,windy,BergerPaintsIndiaLtd,3450000
Powerplant,NTPCDadriPowerPlant,Low,490,Low,40,Medium,370,Low,23000,windy,AmbujaCementsLtd,4060000
Powerplant,SingareniThermalPowerPlant,Low,480,Medium,20,High,260,Medium,36000,Hightemp,RamcoCementsLtd,3800000
Powerplant,AdaniMundraPowerPlant,Low,390,High,20,High,360,Medium,29000,humidity,ShreeCementLtd,3580000
Powerplant,AnparaThermalPowerStation,Low,300,High,40,Low,360,Low,41000,humidity,TataSteelLimited,2900000
Powerplant,TuticorinThermalPowerStation,Medium,360,High,20,Low,330,Low,22000,heavyrain,AmbujaCementsLtd,3080000
Powerplant,UdupiPowerCorporationLimited,Low,200,High,40,Medium,210,Medium,29000,Hightemp,VizagSteel(RINL-RashtriyaIspatNigamLtd),3690000
Powerplant,VindhyachalSuperThermalPowerStation,Medium,430,Low,50,Low,430,Low,43000,humidity,TataSteelLimited,3300000
Powerplant,EnnoreThermalPowerStation,High,460,High,40,Low,240,Medium,30000,windy,CeraSanitarywareLtd,3960000
Powerplant,MetturThermalPowerStation,Low,450,Low,20,High,290,Medium,49000,tightsoil,UltraTechCementLtd,3040000
Powerplant,JharsugudaThermalPowerPlant,Medium,490,Medium,20,Medium,470,High,31000,loosesoil,ACCLimited,4310000
Powerplant,BallariThermalPowerPlant,Medium,490,Medium,30,Medium,310,Low,38000,loosesoil,LafargeHolcimIndia,2970000
Powerplant,DurgapurSteelThermalPowerPlant,Low,460,Medium,50,Low,300,Medium,45000,heavyrain,RamcoCementsLtd,2540000
Powerplant,KakatiyaThermalPowerStation,High,270,Low,20,High,360,Medium,40000,tightsoil,SupremeIndustries(forpipes&fittings),3690000
Powerplant,ChandrapurSuperThermalPowerStation,High,490,Low,20,Medium,430,Low,33000,heavyrain,TataSteelLimited,2300000
Powerplant,JindalPowerPlant,High,370,Low,20,High,320,High,46000,tightsoil,AsianPaints(forpaints&coatings),3220000
Powerplant,KurnoolUltraMegaSolarPark,Low,450,Low,40,High,360,Medium,20000,loosesoil,ShreeCementLtd,4310000
Powerplant,BhadradriThermalPowerPlant,High,360,Medium,20,Low,230,High,26000,Hightemp,ShreeCementLtd,3580000
Schools,St.AnniHighSchool,Medium,400,Medium,20,Low,210,Low,21000,heavyrain,DalmiaCement(Bharat)Ltd,3370000
Schools,NarayanaConceptSchool,Medium,260,High,30,Low,300,High,27000,windy,NerolacPaints,2550000
Schools,SriChaitanyaTechnoSchool,Medium,460,Low,40,Low,210,Low,34000,heavyrain,LafargeHolcimIndia,3580000
Schools,DelhiPublicSchool,Low,330,High,40,Low,380,High,35000,tightsoil,Hindware(HSILLimited),3820000
Schools,OakridgeInternationalSchool,Low,370,Medium,50,Low,370,High,27000,humidity,CeraSanitarywareLtd,2160000
Schools,KendriyaVidyalaya,High,390,Medium,30,Medium,440,High,42000,heavyrain,CeraSanitarywareLtd,2830000
Schools,BharatiyaVidyaBhavaniPublicSchool,Medium,230,Medium,50,Medium,390,Medium,45000,heavyrain,ACCLimited,2340000
Schools,SilverOaksInternationalSchool,Medium,450,High,30,High,250,Low,40000,loosesoil,RamcoCementsLtd,2100000
Schools,DAVPublicSchool,High,350,Low,40,Medium,330,Low,22000,windy,AmbujaCementsLtd,3560000
Schools,MeridianSchool,Medium,290,High,30,Medium,320,High,36000,Hightemp,SupremeIndustries(forpipes&fittings),3420000
Schools,SreenidhiInternationalSchool,High,310,High,40,High,440,Medium,22000,Hightemp,SupremeIndustries(forpipes&fittings),4150000
Schools,PhoenixGreensInternationalSchool,Low,490,Low,40,Low,460,Low,41000,humidity,RamcoCementsLtd,3590000
Schools,OrchidsTheInternationalSchool,Low,310,Low,40,High,230,High,25000,heavyrain,LafargeHolcimIndia,4620000
Schools,TimpanySchool,Medium,320,Medium,30,Medium,270,Low,33000,heavyrain,BergerPaintsIndiaLtd,4580000
Schools,GlendaleAcademyInternational,Low,310,Low,30,Medium,460,Low,41000,Hightemp,JSWCementLtd,3980000
Schools,LittleFlowerHighSchool,Low,210,Low,40,High,220,High,22000,Hightemp,DalmiaCement(Bharat)Ltd,3470000
Schools,ChinmayaVidyalaya,High,430,Low,20,Low,250,Medium,49000,Hightemp,ShreeCementLtd,4220000
Schools,JohnsonGrammarSchool,Medium,390,Medium,20,High,420,Low,20000,tightsoil,DalmiaCement(Bharat)Ltd,2010000
Schools,BhashyamBloomsSchool,Low,490,Low,20,Medium,220,High,34000,tightsoil,VizagSteel(RINL-RashtriyaIspatNigamLtd),2780000
Schools,SadhanaInfinitySchool,Low,330,High,40,Low,260,Medium,20000,humidity,SupremeIndustries(forpipes&fittings),3540000
Schools,KendriyaVidyalayaNo.1,Medium,390,Medium,40,High,490,High,49000,loosesoil,NerolacPaints,3920000
Schools,MountLiteraZeeSchool,Low,380,High,40,High,270,Medium,40000,windy,DalmiaCement(Bharat)Ltd,3390000
Schools,VisakhaValleySchool,Medium,470,Low,30,Medium,460,High,30000,humidity,JSWCementLtd,4180000
Schools,PragathiCentralSchool,High,440,High,30,High,420,High,21000,humidity,ACCLimited,2790000
Schools,TheCreekPlanetSchool,Medium,490,Medium,20,Medium,270,Medium,26000,loosesoil,RamcoCementsLtd,2790000
Schools,RockwellInternationalSchool,Medium,400,Low,20,Medium,380,Medium,43000,humidity,ShreeCementLtd,2990000
Schools,TheHyderabadPublicSchool,Low,430,Medium,20,High,400,Medium,29000,loosesoil,Hindware(HSILLimited),3670000
Schools,JMJEnglishMediumSchool,Low,340,Low,30,Medium,400,High,27000,heavyrain,DalmiaCement(Bharat)Ltd,5000000
Schools,Dr.KKRGowthamConceptSchool,High,350,Low,30,Medium,350,High,42000,loosesoil,JindalSteel&PowerLtd,3640000
Schools,GlobalEdgeSchool,High,420,Low,50,High,270,Low,20000,loosesoil,TataSteelLimited,4440000
PoliceStation,JubileeHillsPoliceStation,High,440,Medium,50,Low,500,High,22000,Hightemp,OrientCementLtd,2940000
PoliceStation,BanjaraHillsPoliceStation,Low,390,Low,20,High,410,Low,36000,tightsoil,VizagSteel(RINL-RashtriyaIspatNigamLtd),4670000
PoliceStation,PanjaguttaPoliceStation,High,340,Medium,20,High,400,Medium,46000,heavyrain,CeraSanitarywareLtd,4690000
PoliceStation,MadhapurPoliceStation,Medium,260,Low,20,Low,250,High,50000,Hightemp,Hindware(HSILLimited),3990000
PoliceStation,GachibowliPoliceStation,High,420,Low,30,High,290,Low,49000,tightsoil,ShreeCementLtd,4520000
PoliceStation,KukatpallyPoliceStation,High,200,Low,20,High,340,Low,45000,heavyrain,TataSteelLimited,4470000
PoliceStation,SRNagarPoliceStation,Low,370,High,50,High,310,High,36000,windy,DalmiaCement(Bharat)Ltd,2290000
PoliceStation,BegumpetPoliceStation,Medium,280,High,20,High,290,Low,25000,Hightemp,UltraTechCementLtd,4650000
PoliceStation,KotiPoliceStation,Medium,460,Medium,30,Medium,220,High,32000,heavyrain,ACCLimited,4080000
PoliceStation,AbidsPoliceStation,Low,230,Low,30,Medium,290,High,36000,humidity,OrientCementLtd,4700000
PoliceStation,CharminarPoliceStation,Medium,480,High,50,Low,410,Low,22000,Hightemp,SupremeIndustries(forpipes&fittings),2560000
PoliceStation,NallakuntaPoliceStation,High,330,Medium,20,Medium,400,Medium,38000,Hightemp,ACCLimited,4530000
PoliceStation,MalkajgiriPoliceStation,Medium,490,High,40,High,410,Low,24000,heavyrain,SAIL(SteelAuthorityofIndiaLtd),3470000
PoliceStation,BowenpallyPoliceStation,Medium,460,Low,30,High,330,Low,20000,Hightemp,JSWCementLtd,2780000
PoliceStation,DilsukhnagarPoliceStation,Medium,330,Low,50,Medium,230,Medium,20000,windy,VizagSteel(RINL-RashtriyaIspatNigamLtd),4200000
PoliceStation,LBNagarPoliceStation,Medium,280,Medium,40,Low,400,High,23000,tightsoil,ACCLimited,3130000
PoliceStation,RajendranagarPoliceStation,High,300,Medium,50,Medium,390,Medium,22000,Hightemp,LafargeHolcimIndia,3260000
PoliceStation,ChikkadpallyPoliceStation,High,200,Medium,20,Medium,450,Low,48000,windy,LafargeHolcimIndia,4330000
PoliceStation,SecunderabadPoliceStation,Low,220,Medium,30,Low,370,Medium,40000,heavyrain,AsianPaints(forpaints&coatings),2350000
PoliceStation,MehdipatnamPoliceStation,Medium,420,Low,50,Low,340,Medium,36000,tightsoil,VizagSteel(RINL-RashtriyaIspatNigamLtd),2120000
PoliceStation,MiyapurPoliceStation,Medium,340,Low,30,High,220,High,30000,tightsoil,JSWCementLtd,4670000
PoliceStation,KachigudaPoliceStation,High,460,High,20,Medium,230,Low,31000,heavyrain,JSWCementLtd,2840000
PoliceStation,AttapurPoliceStation,Low,270,High,40,Medium,280,Medium,28000,tightsoil,BirlaCement,2120000
PoliceStation,NarayangudaPoliceStation,Low,420,Medium,30,Low,390,Medium,21000,heavyrain,ACCLimited,2150000
PoliceStation,ShamshabadPoliceStation,Low,290,Low,20,Medium,280,Low,42000,heavyrain,SupremeIndustries(forpipes&fittings),2750000
PoliceStation,UppalPoliceStation,Low,280,Medium,20,Medium,490,High,46000,humidity,CeraSanitarywareLtd,3400000
PoliceStation,VanasthalipuramPoliceStation,High,210,High,40,Low,240,High,34000,humidity,TataSteelLimited,2740000
PoliceStation,KarimnagarPoliceStation,Low,440,Medium,40,Low,280,Medium,44000,tightsoil,UltraTechCementLtd,4020000
PoliceStation,KhammamPoliceStation,High,490,High,40,Medium,340,Medium,39000,humidity,OrientCementLtd,4080000
PoliceStation,WarangalPoliceStation,Medium,360,High,50,Medium,410,High,29000,loosesoil,JSWCementLtd,4900000
University,AndhraUniversity,Medium,470,High,20,Medium,500,Low,37000,windy,JSWCementLtd,4130000
University,OsmaniaUniversity,High,260,Low,30,Low,250,Medium,47000,Hightemp,VizagSteel(RINL-RashtriyaIspatNigamLtd),4680000
University,JNTUHyderabad,Low,490,High,30,High,310,Medium,43000,humidity,LafargeHolcimIndia,2400000
University,SriVenkateswaraUniversity,Low,260,Medium,20,Low,500,Low,21000,loosesoil,Hindware(HSILLimited),2130000
University,UniversityofHyderabad,Medium,440,High,40,Medium,330,Medium,47000,windy,LafargeHolcimIndia,3510000
University,IITHyderabad,Low,380,High,20,Low,290,Low,34000,Hightemp,JSWCementLtd,3440000
University,NITWarangal,Low,410,High,30,Low,480,Medium,32000,humidity,CeraSanitarywareLtd,4220000
University,KakatiyaUniversity,Medium,370,High,20,High,380,Medium,35000,loosesoil,JindalSteel&PowerLtd,4350000
University,AcharyaNagarjunaUniversity,Medium,280,Medium,40,High,320,High,32000,heavyrain,JindalSteel&PowerLtd,4730000
University,GitamUniversity,High,210,Low,20,High,370,Low,22000,heavyrain,DalmiaCement(Bharat)Ltd,2110000
University,SRMUniversity,Medium,370,Medium,30,Medium,250,Low,44000,Hightemp,ShreeCementLtd,3220000
University,AmityUniversity,Medium,430,High,40,Medium,350,High,20000,tightsoil,AsianPaints(forpaints&coatings),2510000
University,VITVellore,Medium,380,Medium,40,High,440,High,26000,heavyrain,JindalSteel&PowerLtd,3610000
University,AnnaUniversity,Low,500,High,30,Low,210,High,21000,tightsoil,JindalSteel&PowerLtd,4290000
University,ManipalAcademyofHigherEducation,High,430,Medium,30,Medium,450,Medium,23000,Hightemp,CeraSanitarywareLtd,4410000
University,MahindraUniversity,High,260,Low,50,High,500,Low,30000,humidity,BirlaCement,3140000
University,ShardaUniversity,Medium,360,High,20,Medium,480,High,30000,humidity,CeraSanitarywareLtd,4100000
University,ChristUniversity,Low,400,Low,40,High,230,High,21000,humidity,SAIL(SteelAuthorityofIndiaLtd),4940000
University,ICFAIUniversity,High,490,High,20,Medium,400,Medium,34000,windy,SupremeIndustries(forpipes&fittings),4850000
University,VisvesvarayaTechnologicalUniversity,Medium,350,High,30,High,400,Medium,26000,Hightemp,AmbujaCementsLtd,3790000
University,RajivGandhiUniversityofKnowledgeTechnologies,Low,410,Medium,40,High,300,Medium,47000,humidity,SAIL(SteelAuthorityofIndiaLtd),2630000
University,KLUniversity,Low,430,Low,30,Low,430,Low,24000,loosesoil,ACCLimited,2810000
University,NIITUniversity,High,440,High,50,High,470,Medium,29000,heavyrain,OrientCementLtd,3290000
University,LovelyProfessionalUniversity,Low,210,Low,20,Low,430,Low,32000,heavyrain,NerolacPaints,3150000
University,AmritaVishwaVidyapeetham,High,500,Low,30,Low,370,High,24000,heavyrain,SAIL(SteelAuthorityofIndiaLtd),3140000
University,BennettUniversity,Low,470,High,40,High,450,Low,44000,loosesoil,NerolacPaints,4200000
University,ShivNadarUniversity,Medium,380,High,40,High,450,Medium,46000,heavyrain,RamcoCementsLtd,3080000
University,PSGCollegeofTechnology,Low,480,Low,20,Low,490,High,22000,loosesoil,AmbujaCementsLtd,2350000
University,DayanandaSagarUniversity,Low,470,Medium,50,Low,470,High,35000,Hightemp,TataSteelLimited,4390000
University,NationalLawUniversityHyderabad,Medium,320,Medium,40,High,440,High,50000,heavyrain,BergerPaintsIndiaLtd,3720000
Factory,BHELHyderabadFactory,Low,290,Medium,50,Low,390,Low,49000,humidity,SAIL(SteelAuthorityofIndiaLtd),2930000
Factory,NTPCEquipmentManufacturingUnit,Medium,430,Medium,40,Low,330,Medium,45000,Hightemp,OrientCementLtd,2340000
Factory,MarutiSuzukiFactory,Medium,340,Medium,20,Low,430,Medium,35000,Hightemp,VizagSteel(RINL-RashtriyaIspatNigamLtd),3320000
Factory,TataMotorsManufacturingPlant,Low,200,Low,30,Low,260,High,29000,heavyrain,ACCLimited,3700000
Factory,AshokLeylandFactory,Low,390,High,40,Low,380,Medium,42000,heavyrain,SAIL(SteelAuthorityofIndiaLtd),3650000
Factory,AmulDairyProcessingPlant,Low,460,Medium,20,Low,210,Medium,28000,loosesoil,JindalSteel&PowerLtd,3440000
Factory,Coca-ColaBottlingPlant,Medium,220,Low,50,High,290,High,25000,loosesoil,CeraSanitarywareLtd,3890000
Factory,BritanniaBiscuitFactory,Medium,240,High,50,High,430,Medium,25000,tightsoil,ShreeCementLtd,3680000
Factory,TVSMotorFactory,High,390,Low,40,Low,490,Medium,24000,heavyrain,AmbujaCementsLtd,2950000
Factory,ApolloTyresManufacturingUnit,Low,230,Low,40,Low,500,High,32000,loosesoil,Hindware(HSILLimited),3940000
Factory,ITCPaperFactory,High,270,Medium,30,High,320,Low,33000,windy,DalmiaCement(Bharat)Ltd,3930000
Factory,HeroMotoCorpManufacturingPlant,High,420,High,40,Medium,440,High,33000,humidity,ACCLimited,3030000
Factory,AsianPaintsFactory,Low,220,Medium,30,Low,320,High,39000,Hightemp,DalmiaCement(Bharat)Ltd,3820000
Factory,L&TConstructionEquipmentFactory,Medium,350,Medium,20,Medium,230,Low,41000,humidity,JSWCementLtd,4000000
Factory,HyundaiCarFactory,Low,360,Medium,40,Low,490,High,39000,humidity,CeraSanitarywareLtd,4600000
Factory,SteelAuthorityofIndiaPlant,High,210,High,50,High,490,High,45000,Hightemp,RamcoCementsLtd,4210000
Factory,HindustanUnileverProductionUnit,High,410,Medium,40,High,210,Medium,36000,tightsoil,VizagSteel(RINL-RashtriyaIspatNigamLtd),2070000
Factory,NestleIndiaProcessingUnit,High,430,High,30,High,430,High,44000,windy,SupremeIndustries(forpipes&fittings),3050000
Factory,GodrejAppliancesFactory,High,340,Low,40,Low,330,Medium,29000,humidity,ShreeCementLtd,4740000
Factory,Parle-GBiscuitFactory,Low,280,High,50,Medium,390,Low,43000,heavyrain,BergerPaintsIndiaLtd,3220000
Factory,HaldiramsSnacksFactory,High,290,High,20,Low,220,Medium,32000,Hightemp,SAIL(SteelAuthorityofIndiaLtd),2280000
Factory,BharatForgeProductionPlant,Medium,200,Low,30,Low,230,Medium,29000,Hightemp,VizagSteel(RINL-RashtriyaIspatNigamLtd),2090000
Factory,CiplaPharmaceuticalsFactory,Low,350,High,20,Medium,210,High,40000,Hightemp,JSWCementLtd,3940000
Factory,RaymondTextilesFactory,Low,430,Low,40,High,430,Medium,43000,humidity,AmbujaCementsLtd,3360000
Factory,UltraTechCementManufacturingPlant,Medium,280,Medium,20,Low,210,Medium,22000,Hightemp,LafargeHolcimIndia,3300000
Factory,MRFTyresFactory,Low,470,Medium,30,Low,260,Medium,28000,heavyrain,SAIL(SteelAuthorityofIndiaLtd),4880000
Factory,HondaMotorcyclesPlant,Medium,360,Medium,40,Low,360,High,46000,Hightemp,ShreeCementLtd,2580000
Factory,BajajAutoManufacturingUnit,Low,260,Low,40,Low,500,Medium,43000,tightsoil,AmbujaCementsLtd,4410000
Factory,BergerPaintsFactory,High,210,Low,20,High,370,Low,41000,loosesoil,AsianPaints(forpaints&coatings),3020000
Factory,TataSteelPlant,Low,430,Medium,40,Low,380,Low,37000,humidity,Hindware(HSILLimited),4350000
SubStations,SecunderabadPowerSubstation,High,200,High,40,High,250,Low,40000,tightsoil,BergerPaintsIndiaLtd,4360000
SubStations,Gachibowli132kVSubstation,Medium,240,High,20,Medium,460,High,42000,Hightemp,AmbujaCementsLtd,2560000
SubStations,Kukatpally220kVSubstation,Low,410,Medium,40,Low,480,Medium,31000,loosesoil,BirlaCement,4110000
SubStations,LBNagar110kVSubstation,Medium,400,High,40,Low,440,High,38000,Hightemp,CeraSanitarywareLtd,3140000
SubStations,JubileeHills33kVSubstation,High,200,Low,30,High,500,High,44000,heavyrain,NerolacPaints,3250000
SubStations,Uppal400kVSubstation,Low,290,High,40,Low,290,Low,25000,heavyrain,LafargeHolcimIndia,4020000
SubStations,KothagudemPowerSubstation,Low,400,High,20,Medium,300,Medium,24000,windy,RamcoCementsLtd,3200000
SubStations,VisakhapatnamGridSubstation,High,310,Low,20,Medium,430,High,50000,loosesoil,JSWCementLtd,4830000
SubStations,TirupatiTransmissionSubstation,High,410,Medium,50,Medium,250,Low,50000,heavyrain,ShreeCementLtd,2020000
SubStations,Malkajgiri220kVSubstation,Low,340,High,40,Low,320,Medium,38000,windy,TataSteelLimited,3500000
SubStations,KarimnagarElectricalSubstation,Medium,410,High,20,High,450,Low,24000,windy,SupremeIndustries(forpipes&fittings),2000000
SubStations,Shamshabad132kVSubstation,High,240,Medium,30,Low,470,High,29000,heavyrain,OrientCementLtd,3080000
SubStations,WarangalPowerTransmissionStation,High,430,Low,50,Low,200,High,25000,tightsoil,SupremeIndustries(forpipes&fittings),4070000
SubStations,VijayawadaHVDCSubstation,High,500,High,30,Medium,370,High,47000,Hightemp,AmbujaCementsLtd,3310000
SubStations,Rajahmundry400kVSubstation,Medium,280,Low,50,Low,340,Medium,46000,loosesoil,TataSteelLimited,2580000
SubStations,SrikakulamPowerGrid,High,390,High,50,High,390,Medium,32000,windy,SupremeIndustries(forpipes&fittings),2900000
SubStations,KurnoolTransmissionSubstation,High,470,Low,30,Medium,210,High,44000,heavyrain,BergerPaintsIndiaLtd,2730000
SubStations,NizamabadElectricSubstation,High,460,Low,20,High,370,Medium,36000,Hightemp,ACCLimited,4380000
SubStations,Bhimavaram110kVSubstation,Low,480,Low,30,Medium,390,Low,48000,tightsoil,DalmiaCement(Bharat)Ltd,2890000
SubStations,AdilabadHVDCStation,Low,370,Medium,50,Low,410,Medium,29000,humidity,ShreeCementLtd,4670000
SubStations,Mahbubnagar220kVSubstation,Low,480,Low,50,Low,360,Low,20000,windy,DalmiaCement(Bharat)Ltd,4880000
SubStations,Kadapa132kVPowerStation,High,400,Medium,50,Low,240,Low,44000,tightsoil,BergerPaintsIndiaLtd,4710000
SubStations,NelloreHighVoltageSubstation,High,280,High,20,High,420,Medium,26000,loosesoil,BergerPaintsIndiaLtd,4270000
SubStations,EluruElectricalGrid,Medium,400,High,20,Medium,360,Medium,24000,windy,TataSteelLimited,2060000
SubStations,Guntur400kVSubstation,Medium,260,Medium,20,Medium,490,Low,45000,windy,BirlaCement,3050000
SubStations,KhammamPowerGridStation,Medium,200,High,30,High,210,High,29000,heavyrain,BergerPaintsIndiaLtd,2760000
SubStations,Tirumala110kVPowerSubstation,Low,380,Low,50,High,470,Low,20000,tightsoil,JindalSteel&PowerLtd,4030000
SubStations,AnantapurPowerDistributionSubstation,High,260,Medium,20,Low,270,Medium,50000,tightsoil,AmbujaCementsLtd,2440000
SubStations,MancherialElectricalTransmissionStation,Medium,310,High,40,High,440,Medium,32000,heavyrain,BergerPaintsIndiaLtd,2960000
SubStations,HindupurHighVoltageSubstation,High,450,Medium,20,Low,350,Low,23000,tightsoil,JindalSteel&PowerLtd,4730000
Houses,GreenValleyVilla,Medium,350,High,30,Medium,440,Low,44000,loosesoil,DalmiaCement(Bharat)Ltd,3650000
Houses,SunshineResidency,Low,490,Low,50,High,420,Low,25000,loosesoil,NerolacPaints,2260000
Houses,RosewoodBungalow,Low,230,High,30,High,360,Low,25000,tightsoil,LafargeHolcimIndia,3010000
Houses,BlueHeavenApartments,Low,280,Medium,30,Medium,450,Medium,46000,Hightemp,BergerPaintsIndiaLtd,4540000
Houses,LotusNestVilla,High,450,High,40,Low,410,High,33000,humidity,SAIL(SteelAuthorityofIndiaLtd),3930000
Houses,LakeviewMansion,Medium,280,High,50,Low,420,High,50000,tightsoil,NerolacPaints,4800000
Houses,GoldenMeadowsResidency,Low,240,Medium,30,Medium,350,Low,20000,tightsoil,ACCLimited,2750000
Houses,RoyalOrchidHome,High,230,Medium,20,Medium,280,Low,41000,humidity,BergerPaintsIndiaLtd,2800000
Houses,SilverSpringsBungalow,Low,310,Low,40,High,400,Medium,21000,loosesoil,BirlaCement,4580000
Houses,HarmonyHeightsApartments,Low,410,Medium,40,High,400,Low,37000,tightsoil,UltraTechCementLtd,2930000
Houses,PrestigeGreenGables,Medium,400,Medium,50,Low,430,Medium,24000,humidity,UltraTechCementLtd,4070000
Houses,SereneMeadowsVilla,Medium,210,Low,20,High,330,Low,39000,tightsoil,JSWCementLtd,3580000
Houses,WhitePearlHome,Medium,220,Low,20,High,400,Medium,47000,windy,JSWCementLtd,2780000
Houses,EliteResidency,Medium,280,Low,30,Low,320,Medium,46000,humidity,Hindware(HSILLimited),3150000
Houses,EmeraldEnclave,High,330,High,50,Low,250,Medium,36000,tightsoil,JSWCementLtd,2940000
Houses,SapphireHeights,Medium,200,High,20,Low,500,Low,25000,Hightemp,JindalSteel&PowerLtd,2230000
Houses,FortuneGreensVilla,High,240,High,50,Medium,280,High,42000,loosesoil,Hindware(HSILLimited),5000000
Houses,MysticHillsApartments,Low,430,High,50,High,390,Medium,49000,tightsoil,ACCLimited,2630000
Houses,PlatinumSkyTowers,Medium,480,Medium,30,High,480,Medium,20000,loosesoil,SAIL(SteelAuthorityofIndiaLtd),3400000
Houses,ClassicCourtyardHome,Medium,380,High,40,Medium,250,High,23000,heavyrain,DalmiaCement(Bharat)Ltd,2200000
Houses,SunriseBoulevardHouse,Medium,330,Low,40,Low,490,Medium,42000,windy,VizagSteel(RINL-RashtriyaIspatNigamLtd),2700000
Houses,VictorianCharmVilla,High,320,Medium,50,Medium,200,High,50000,windy,AmbujaCementsLtd,3590000
Houses,UrbanNestBungalow,High,330,Medium,30,High,260,High,50000,loosesoil,ACCLimited,4870000
Houses,CoralGardenHouse,Low,460,Low,20,Low,270,Low,28000,humidity,CeraSanitarywareLtd,2910000
Houses,InfinityResidences,High,320,Medium,50,High,330,Low,27000,tightsoil,LafargeHolcimIndia,4500000
Houses,TheGrandHeritageHome,High,320,Low,30,Low,420,Medium,24000,loosesoil,SupremeIndustries(forpipes&fittings),3820000
Houses,MaplewoodEstates,Medium,330,High,20,High,390,Medium,37000,humidity,NerolacPaints,2670000
Houses,TranquilHaven,Medium,220,High,30,Medium,350,High,21000,Hightemp,AsianPaints(forpaints&coatings),4270000
Houses,BloomingdaleHomes,High,320,High,50,Medium,290,Low,34000,loosesoil,LafargeHolcimIndia,3740000
Houses,TheZenVilla,Medium,410,Low,40,High,470,Medium,45000,loosesoil,Hindware(HSILLimited),3350000
